{
  "train": [
    5.992528915405273,
    5.70477819442749,
    5.1616106033325195,
    4.785990238189697,
    4.426989555358887,
    4.327465534210205,
    4.258601665496826,
    4.121479034423828,
    4.200533866882324,
    4.00485897064209,
    4.107300281524658,
    4.089753150939941,
    4.119937896728516,
    4.16807746887207,
    3.9340107440948486,
    3.9318666458129883,
    3.926039457321167,
    4.041114330291748,
    4.037051200866699,
    3.9773309230804443,
    3.969460964202881,
    3.92753267288208,
    3.9479053020477295,
    3.866854190826416,
    4.11859655380249,
    4.014523029327393,
    3.9558663368225098,
    4.023665428161621,
    3.9489245414733887,
    4.034207344055176,
    3.9563190937042236,
    3.851379871368408,
    3.852125883102417,
    3.91727614402771,
    3.93870210647583,
    3.9232707023620605,
    3.8883869647979736,
    3.865206241607666,
    3.930687427520752,
    3.9216158390045166,
    3.9343724250793457,
    3.9839887619018555,
    3.9809277057647705,
    3.8567004203796387,
    3.906512975692749,
    3.9390947818756104,
    3.9309000968933105,
    3.892577648162842,
    3.751985788345337,
    3.8601653575897217,
    3.8318910598754883,
    3.8273301124572754,
    3.8141162395477295,
    3.7599000930786133,
    3.7724709510803223,
    3.847620725631714,
    3.7299113273620605,
    3.7536189556121826,
    3.7084248065948486,
    3.8093128204345703,
    3.714508295059204,
    3.682002544403076,
    3.7102866172790527,
    3.7334492206573486,
    3.742898941040039,
    3.6612606048583984,
    3.6382484436035156,
    3.720285177230835,
    3.657111883163452,
    3.6173622608184814,
    3.673792600631714,
    3.6724722385406494,
    3.4948949813842773,
    3.6154518127441406,
    3.651015043258667,
    3.57450270652771,
    3.59858775138855,
    3.566997766494751,
    3.400204658508301,
    3.553814172744751,
    3.4793295860290527,
    3.5654642581939697,
    3.4996321201324463,
    3.6352150440216064,
    3.402287483215332,
    3.441603660583496,
    3.402374744415283,
    3.3345370292663574,
    3.4531731605529785,
    3.3500330448150635,
    3.244093418121338,
    3.3819661140441895,
    3.2958083152770996,
    3.4462945461273193,
    3.4381461143493652,
    3.2417678833007812,
    3.236605405807495,
    3.2866692543029785,
    3.1848371028900146,
    3.302903890609741
  ],
  "valid": [
    3.8129615443093434,
    3.144789491380964
  ]
}