{
  "train": [
    5.989733695983887,
    5.53524112701416,
    4.801045894622803,
    4.614858150482178,
    4.4330153465271,
    4.367653846740723,
    4.108968257904053,
    4.184187412261963,
    4.158045768737793,
    4.181087493896484,
    4.138505458831787,
    4.108894348144531,
    4.093040943145752,
    4.016432762145996,
    4.094242095947266,
    3.944983959197998,
    3.9614415168762207,
    3.9824447631835938,
    4.026049613952637,
    4.067488193511963,
    3.92584228515625,
    4.026737689971924,
    4.0214152336120605,
    4.073546409606934,
    3.975951671600342,
    4.022796154022217,
    3.9631810188293457,
    3.973418712615967,
    3.9811134338378906,
    3.93691349029541,
    3.9910123348236084,
    3.9850893020629883,
    3.8562142848968506,
    3.9001657962799072,
    4.051688194274902,
    3.9212944507598877,
    3.8077211380004883,
    3.8361687660217285,
    3.942462682723999,
    3.9218432903289795,
    3.835232734680176,
    3.897451400756836,
    3.9250833988189697,
    3.9054019451141357,
    3.9191384315490723,
    3.896496534347534,
    3.8418147563934326,
    3.865025520324707,
    3.8804147243499756,
    3.8384177684783936,
    3.704052209854126,
    3.7559757232666016,
    3.843449115753174,
    3.8220317363739014,
    3.723301649093628,
    3.7524380683898926,
    3.803968667984009,
    3.697740316390991,
    3.710235595703125,
    3.663686752319336,
    3.6320929527282715,
    3.6607553958892822,
    3.629149913787842,
    3.595755100250244,
    3.6618263721466064,
    3.6488118171691895,
    3.6060590744018555,
    3.632611036300659,
    3.669799327850342,
    3.562299966812134,
    3.2974061965942383,
    3.661900520324707,
    3.4962127208709717,
    3.4163777828216553,
    3.528696298599243,
    3.480161190032959,
    3.5487594604492188,
    3.527390718460083,
    3.4195809364318848,
    3.3714044094085693,
    3.401202917098999,
    3.4148612022399902,
    3.292703151702881,
    3.275305986404419,
    3.305107593536377,
    3.4178683757781982,
    3.325246572494507,
    3.1535680294036865,
    3.3796565532684326,
    3.276325225830078,
    3.3091118335723877,
    3.299848794937134,
    3.247032403945923,
    3.152268409729004,
    3.1804959774017334,
    3.181288480758667,
    3.2656466960906982,
    3.2229807376861572,
    3.1176464557647705,
    2.9958653450012207
  ],
  "valid": [
    3.7703987530299594,
    3.1111934866224016
  ]
}